Line Length,Line Angle,Arrow Length,Arrow Angle,Estimate 1
180,0,40,120,2
180,0,2.309401e+01,120,2
180,0,40,150,2
180,0,2.309401e+01,150,2
